{"data":[{"ObjectIdentifier": "S-1-5-21-3072663084-364016917-1341370565-1103", "AllowedToAct": [], "PrimaryGroupSID": "S-1-5-21-3072663084-364016917-1341370565-515", "LocalAdmins": {"Collected": false, "FailureReason": null, "Results": []}, "PSRemoteUsers": {"Collected": false, "FailureReason": null, "Results": []}, "Properties": {"name": "EXCH01.HTB.LOCAL", "domainsid": "S-1-5-21-3072663084-364016917-1341370565", "domain": "HTB.LOCAL", "distinguishedname": "CN=EXCH01,CN=COMPUTERS,DC=HTB,DC=LOCAL", "unconstraineddelegation": false, "enabled": true, "trustedtoauth": false, "samaccountname": "EXCH01$", "haslaps": false, "lastlogon": 1569279580, "lastlogontimestamp": 1568804794, "pwdlastset": 1568804792, "whencreated": 1568804792, "serviceprincipalnames": ["IMAP/EXCH01", "IMAP/EXCH01.htb.local", "IMAP4/EXCH01", "IMAP4/EXCH01.htb.local", "POP/EXCH01", "POP/EXCH01.htb.local", "POP3/EXCH01", "POP3/EXCH01.htb.local", "exchangeRFR/EXCH01", "exchangeRFR/EXCH01.htb.local", "exchangeAB/EXCH01", "exchangeAB/EXCH01.htb.local", "exchangeMDB/EXCH01", "exchangeMDB/EXCH01.htb.local", "SMTP/EXCH01", "SMTP/EXCH01.htb.local", "SmtpSvc/EXCH01", "SmtpSvc/EXCH01.htb.local", "WSMAN/EXCH01", "WSMAN/EXCH01.htb.local", "RestrictedKrbHost/EXCH01", "HOST/EXCH01", "RestrictedKrbHost/EXCH01.htb.local", "HOST/EXCH01.htb.local"], "description": null, "operatingsystem": "Windows Server 2016 Standard", "sidhistory": []}, "RemoteDesktopUsers": {"Collected": false, "FailureReason": null, "Results": []}, "DcomUsers": {"Collected": false, "FailureReason": null, "Results": []}, "AllowedToDelegate": [], "Sessions": {"Collected": false, "FailureReason": null, "Results": []}, "PrivilegedSessions": {"Collected": false, "FailureReason": null, "Results": []}, "RegistrySessions": {"Collected": false, "FailureReason": null, "Results": []}, "Aces": [{"RightName": "Owns", "IsInherited": false, "PrincipalSID": "S-1-5-21-3072663084-364016917-1341370565-512", "PrincipalType": "Group"}, {"RightName": "GenericAll", "IsInherited": false, "PrincipalSID": "S-1-5-21-3072663084-364016917-1341370565-512", "PrincipalType": "Group"}, {"RightName": "GenericAll", "IsInherited": false, "PrincipalSID": "HTB.LOCAL-S-1-5-32-548", "PrincipalType": "Group"}, {"RightName": "AddKeyCredentialLink", "IsInherited": true, "PrincipalSID": "S-1-5-21-3072663084-364016917-1341370565-526", "PrincipalType": "Group"}, {"RightName": "AddKeyCredentialLink", "IsInherited": true, "PrincipalSID": "S-1-5-21-3072663084-364016917-1341370565-527", "PrincipalType": "Group"}, {"RightName": "GenericAll", "IsInherited": true, "PrincipalSID": "S-1-5-21-3072663084-364016917-1341370565-519", "PrincipalType": "Group"}, {"RightName": "GenericWrite", "IsInherited": true, "PrincipalSID": "HTB.LOCAL-S-1-5-32-544", "PrincipalType": "Group"}, {"RightName": "WriteOwner", "IsInherited": true, "PrincipalSID": "HTB.LOCAL-S-1-5-32-544", "PrincipalType": "Group"}, {"RightName": "WriteDacl", "IsInherited": true, "PrincipalSID": "HTB.LOCAL-S-1-5-32-544", "PrincipalType": "Group"}, {"RightName": "GenericWrite", "IsInherited": true, "PrincipalSID": "HTB.LOCAL-S-1-5-7", "PrincipalType": "Group"}], "HasSIDHistory": [], "IsDeleted": false, "Status": null, "IsACLProtected": false},{"ObjectIdentifier": "S-1-5-21-3072663084-364016917-1341370565-1000", "AllowedToAct": [], "PrimaryGroupSID": "S-1-5-21-3072663084-364016917-1341370565-516", "LocalAdmins": {"Collected": true, "FailureReason": null, "Results": [{"ObjectIdentifier": "S-1-5-21-3072663084-364016917-1341370565-500", "ObjectType": "User"}, {"ObjectIdentifier": "S-1-5-21-3072663084-364016917-1341370565-519", "ObjectType": "Group"}, {"ObjectIdentifier": "S-1-5-21-3072663084-364016917-1341370565-512", "ObjectType": "Group"}]}, "PSRemoteUsers": {"Collected": true, "FailureReason": null, "Results": [{"ObjectIdentifier": "S-1-5-21-3072663084-364016917-1341370565-1149", "ObjectType": "Group"}]}, "Properties": {"name": "FOREST.HTB.LOCAL", "domainsid": "S-1-5-21-3072663084-364016917-1341370565", "domain": "HTB.LOCAL", "distinguishedname": "CN=FOREST,OU=DOMAIN CONTROLLERS,DC=HTB,DC=LOCAL", "unconstraineddelegation": true, "enabled": true, "trustedtoauth": false, "samaccountname": "FOREST$", "haslaps": false, "lastlogon": 1692332562, "lastlogontimestamp": 1692332545, "pwdlastset": 1692332522, "whencreated": 1568804003, "serviceprincipalnames": ["TERMSRV/FOREST", "TERMSRV/FOREST.htb.local", "exchangeAB/FOREST", "exchangeAB/FOREST.htb.local", "Dfsr-12F9A27C-BF97-4787-9364-D31B6C55EB04/FOREST.htb.local", "ldap/FOREST.htb.local/ForestDnsZones.htb.local", "ldap/FOREST.htb.local/DomainDnsZones.htb.local", "DNS/FOREST.htb.local", "GC/FOREST.htb.local/htb.local", "RestrictedKrbHost/FOREST.htb.local", "RestrictedKrbHost/FOREST", "RPC/236ba33a-7959-4a41-b959-5f82689a0871._msdcs.htb.local", "HOST/FOREST/HTB", "HOST/FOREST.htb.local/HTB", "HOST/FOREST", "HOST/FOREST.htb.local", "HOST/FOREST.htb.local/htb.local", "E3514235-4B06-11D1-AB04-00C04FC2DCD2/236ba33a-7959-4a41-b959-5f82689a0871/htb.local", "ldap/FOREST/HTB", "ldap/236ba33a-7959-4a41-b959-5f82689a0871._msdcs.htb.local", "ldap/FOREST.htb.local/HTB", "ldap/FOREST", "ldap/FOREST.htb.local", "ldap/FOREST.htb.local/htb.local"], "description": null, "operatingsystem": "Windows Server 2016 Standard", "sidhistory": []}, "RemoteDesktopUsers": {"Collected": true, "FailureReason": null, "Results": []}, "DcomUsers": {"Collected": true, "FailureReason": null, "Results": []}, "AllowedToDelegate": [], "Sessions": {"Collected": true, "FailureReason": null, "Results": []}, "PrivilegedSessions": {"Collected": false, "FailureReason": null, "Results": []}, "RegistrySessions": {"Collected": false, "FailureReason": null, "Results": []}, "Aces": [{"RightName": "Owns", "IsInherited": false, "PrincipalSID": "S-1-5-21-3072663084-364016917-1341370565-512", "PrincipalType": "Group"}, {"RightName": "GenericAll", "IsInherited": false, "PrincipalSID": "S-1-5-21-3072663084-364016917-1341370565-512", "PrincipalType": "Group"}, {"RightName": "AddKeyCredentialLink", "IsInherited": true, "PrincipalSID": "S-1-5-21-3072663084-364016917-1341370565-526", "PrincipalType": "Group"}, {"RightName": "AddKeyCredentialLink", "IsInherited": true, "PrincipalSID": "S-1-5-21-3072663084-364016917-1341370565-527", "PrincipalType": "Group"}, {"RightName": "GenericAll", "IsInherited": true, "PrincipalSID": "S-1-5-21-3072663084-364016917-1341370565-519", "PrincipalType": "Group"}, {"RightName": "GenericWrite", "IsInherited": true, "PrincipalSID": "HTB.LOCAL-S-1-5-32-544", "PrincipalType": "Group"}, {"RightName": "WriteOwner", "IsInherited": true, "PrincipalSID": "HTB.LOCAL-S-1-5-32-544", "PrincipalType": "Group"}, {"RightName": "WriteDacl", "IsInherited": true, "PrincipalSID": "HTB.LOCAL-S-1-5-32-544", "PrincipalType": "Group"}, {"RightName": "GenericWrite", "IsInherited": true, "PrincipalSID": "HTB.LOCAL-S-1-5-7", "PrincipalType": "Group"}], "HasSIDHistory": [], "IsDeleted": false, "Status": null, "IsACLProtected": false}],"meta":{"methods":0,"type":"computers","count":2, "version":5}}