{"data":[{"ObjectIdentifier": "E3AC1B11-3EF0-40A6-AE6B-6D5D7EBB07C4", "Properties": {"domain": "HTB.LOCAL", "name": "EMPLOYEES@HTB.LOCAL", "distinguishedname": "OU=EMPLOYEES,DC=HTB,DC=LOCAL", "domainsid": "S-1-5-21-3072663084-364016917-1341370565", "highvalue": false, "blocksinheritance": false, "description": null, "whencreated": 1569188316}, "IsDeleted": false, "IsACLProtected": false, "Aces": [{"RightName": "Owns", "IsInherited": false, "PrincipalSID": "S-1-5-21-3072663084-364016917-1341370565-512", "PrincipalType": "Group"}, {"RightName": "GenericAll", "IsInherited": false, "PrincipalSID": "S-1-5-21-3072663084-364016917-1341370565-512", "PrincipalType": "Group"}, {"RightName": "GenericAll", "IsInherited": true, "PrincipalSID": "S-1-5-21-3072663084-364016917-1341370565-519", "PrincipalType": "Group"}, {"RightName": "WriteOwner", "IsInherited": true, "PrincipalSID": "HTB.LOCAL-S-1-5-32-544", "PrincipalType": "Group"}, {"RightName": "WriteDacl", "IsInherited": true, "PrincipalSID": "HTB.LOCAL-S-1-5-32-544", "PrincipalType": "Group"}], "Links": [], "ChildObjects": [{"ObjectIdentifier": "3949ABD7-0657-4AF5-9ABA-EB7A3D0C0DE7", "ObjectType": "OU"}, {"ObjectIdentifier": "07DF9C29-A241-4235-8C29-C193D24FC904", "ObjectType": "OU"}, {"ObjectIdentifier": "B4F6F807-E0F8-4C8C-A19C-3EB86C2FDDA7", "ObjectType": "OU"}, {"ObjectIdentifier": "DFBAFD44-447F-4BA0-9BAD-CFAE492E6413", "ObjectType": "OU"}], "GPOChanges": {"AffectedComputers": [], "DcomUsers": [], "LocalAdmins": [], "PSRemoteUsers": [], "RemoteDesktopUsers": []}},{"ObjectIdentifier": "AEA93C3D-457B-4B20-B75B-10EF006F0267", "Properties": {"domain": "HTB.LOCAL", "name": "SECURITY GROUPS@HTB.LOCAL", "distinguishedname": "OU=SECURITY GROUPS,DC=HTB,DC=LOCAL", "domainsid": "S-1-5-21-3072663084-364016917-1341370565", "highvalue": false, "blocksinheritance": false, "description": null, "whencreated": 1568941375}, "IsDeleted": false, "IsACLProtected": false, "Aces": [{"RightName": "Owns", "IsInherited": false, "PrincipalSID": "S-1-5-21-3072663084-364016917-1341370565-512", "PrincipalType": "Group"}, {"RightName": "GenericAll", "IsInherited": false, "PrincipalSID": "S-1-5-21-3072663084-364016917-1341370565-512", "PrincipalType": "Group"}, {"RightName": "GenericAll", "IsInherited": true, "PrincipalSID": "S-1-5-21-3072663084-364016917-1341370565-519", "PrincipalType": "Group"}, {"RightName": "WriteOwner", "IsInherited": true, "PrincipalSID": "HTB.LOCAL-S-1-5-32-544", "PrincipalType": "Group"}, {"RightName": "WriteDacl", "IsInherited": true, "PrincipalSID": "HTB.LOCAL-S-1-5-32-544", "PrincipalType": "Group"}], "Links": [], "ChildObjects": [{"ObjectIdentifier": "S-1-5-21-3072663084-364016917-1341370565-5101", "ObjectType": "Group"}, {"ObjectIdentifier": "S-1-5-21-3072663084-364016917-1341370565-1148", "ObjectType": "Group"}, {"ObjectIdentifier": "S-1-5-21-3072663084-364016917-1341370565-1149", "ObjectType": "Group"}], "GPOChanges": {"AffectedComputers": [], "DcomUsers": [], "LocalAdmins": [], "PSRemoteUsers": [], "RemoteDesktopUsers": []}},{"ObjectIdentifier": "1202934E-089B-4931-A5BA-954AD48AD491", "Properties": {"domain": "HTB.LOCAL", "name": "SERVICE ACCOUNTS@HTB.LOCAL", "distinguishedname": "OU=SERVICE ACCOUNTS,DC=HTB,DC=LOCAL", "domainsid": "S-1-5-21-3072663084-364016917-1341370565", "highvalue": false, "blocksinheritance": false, "description": null, "whencreated": 1568940388}, "IsDeleted": false, "IsACLProtected": false, "Aces": [{"RightName": "Owns", "IsInherited": false, "PrincipalSID": "S-1-5-21-3072663084-364016917-1341370565-512", "PrincipalType": "Group"}, {"RightName": "GenericAll", "IsInherited": false, "PrincipalSID": "S-1-5-21-3072663084-364016917-1341370565-512", "PrincipalType": "Group"}, {"RightName": "GenericAll", "IsInherited": true, "PrincipalSID": "S-1-5-21-3072663084-364016917-1341370565-519", "PrincipalType": "Group"}, {"RightName": "WriteOwner", "IsInherited": true, "PrincipalSID": "HTB.LOCAL-S-1-5-32-544", "PrincipalType": "Group"}, {"RightName": "WriteDacl", "IsInherited": true, "PrincipalSID": "HTB.LOCAL-S-1-5-32-544", "PrincipalType": "Group"}], "Links": [], "ChildObjects": [{"ObjectIdentifier": "S-1-5-21-3072663084-364016917-1341370565-1147", "ObjectType": "User"}], "GPOChanges": {"AffectedComputers": [], "DcomUsers": [], "LocalAdmins": [], "PSRemoteUsers": [], "RemoteDesktopUsers": []}},{"ObjectIdentifier": "8414356C-1F79-44BF-9861-CD84412A69EB", "Properties": {"domain": "HTB.LOCAL", "name": "SYSADMINS@HTB.LOCAL", "distinguishedname": "OU=SYSADMINS,OU=INFORMATION TECHNOLOGY,OU=EMPLOYEES,DC=HTB,DC=LOCAL", "domainsid": "S-1-5-21-3072663084-364016917-1341370565", "highvalue": false, "blocksinheritance": false, "description": null, "whencreated": 1568940338}, "IsDeleted": false, "IsACLProtected": false, "Aces": [{"RightName": "Owns", "IsInherited": false, "PrincipalSID": "S-1-5-21-3072663084-364016917-1341370565-512", "PrincipalType": "Group"}, {"RightName": "GenericAll", "IsInherited": false, "PrincipalSID": "S-1-5-21-3072663084-364016917-1341370565-512", "PrincipalType": "Group"}, {"RightName": "GenericAll", "IsInherited": true, "PrincipalSID": "S-1-5-21-3072663084-364016917-1341370565-519", "PrincipalType": "Group"}, {"RightName": "WriteOwner", "IsInherited": true, "PrincipalSID": "HTB.LOCAL-S-1-5-32-544", "PrincipalType": "Group"}, {"RightName": "WriteDacl", "IsInherited": true, "PrincipalSID": "HTB.LOCAL-S-1-5-32-544", "PrincipalType": "Group"}], "Links": [], "ChildObjects": [{"ObjectIdentifier": "S-1-5-21-3072663084-364016917-1341370565-1151", "ObjectType": "User"}], "GPOChanges": {"AffectedComputers": [], "DcomUsers": [], "LocalAdmins": [], "PSRemoteUsers": [], "RemoteDesktopUsers": []}},{"ObjectIdentifier": "A7CE94A3-B3C5-4198-B5D6-B8A2275E49F7", "Properties": {"domain": "HTB.LOCAL", "name": "HELPDESK@HTB.LOCAL", "distinguishedname": "OU=HELPDESK,OU=INFORMATION TECHNOLOGY,OU=EMPLOYEES,DC=HTB,DC=LOCAL", "domainsid": "S-1-5-21-3072663084-364016917-1341370565", "highvalue": false, "blocksinheritance": false, "description": null, "whencreated": 1568940312}, "IsDeleted": false, "IsACLProtected": false, "Aces": [{"RightName": "Owns", "IsInherited": false, "PrincipalSID": "S-1-5-21-3072663084-364016917-1341370565-512", "PrincipalType": "Group"}, {"RightName": "GenericAll", "IsInherited": false, "PrincipalSID": "S-1-5-21-3072663084-364016917-1341370565-512", "PrincipalType": "Group"}, {"RightName": "GenericAll", "IsInherited": true, "PrincipalSID": "S-1-5-21-3072663084-364016917-1341370565-519", "PrincipalType": "Group"}, {"RightName": "WriteOwner", "IsInherited": true, "PrincipalSID": "HTB.LOCAL-S-1-5-32-544", "PrincipalType": "Group"}, {"RightName": "WriteDacl", "IsInherited": true, "PrincipalSID": "HTB.LOCAL-S-1-5-32-544", "PrincipalType": "Group"}], "Links": [], "ChildObjects": [{"ObjectIdentifier": "S-1-5-21-3072663084-364016917-1341370565-1150", "ObjectType": "User"}], "GPOChanges": {"AffectedComputers": [], "DcomUsers": [], "LocalAdmins": [], "PSRemoteUsers": [], "RemoteDesktopUsers": []}},{"ObjectIdentifier": "32386455-6007-4DB1-9FA7-D368649B50FA", "Properties": {"domain": "HTB.LOCAL", "name": "IT MANAGEMENT@HTB.LOCAL", "distinguishedname": "OU=IT MANAGEMENT,OU=INFORMATION TECHNOLOGY,OU=EMPLOYEES,DC=HTB,DC=LOCAL", "domainsid": "S-1-5-21-3072663084-364016917-1341370565", "highvalue": false, "blocksinheritance": false, "description": null, "whencreated": 1568940286}, "IsDeleted": false, "IsACLProtected": false, "Aces": [{"RightName": "Owns", "IsInherited": false, "PrincipalSID": "S-1-5-21-3072663084-364016917-1341370565-512", "PrincipalType": "Group"}, {"RightName": "GenericAll", "IsInherited": false, "PrincipalSID": "S-1-5-21-3072663084-364016917-1341370565-512", "PrincipalType": "Group"}, {"RightName": "GenericAll", "IsInherited": true, "PrincipalSID": "S-1-5-21-3072663084-364016917-1341370565-519", "PrincipalType": "Group"}, {"RightName": "WriteOwner", "IsInherited": true, "PrincipalSID": "HTB.LOCAL-S-1-5-32-544", "PrincipalType": "Group"}, {"RightName": "WriteDacl", "IsInherited": true, "PrincipalSID": "HTB.LOCAL-S-1-5-32-544", "PrincipalType": "Group"}], "Links": [], "ChildObjects": [{"ObjectIdentifier": "S-1-5-21-3072663084-364016917-1341370565-1146", "ObjectType": "User"}], "GPOChanges": {"AffectedComputers": [], "DcomUsers": [], "LocalAdmins": [], "PSRemoteUsers": [], "RemoteDesktopUsers": []}},{"ObjectIdentifier": "07DF9C29-A241-4235-8C29-C193D24FC904", "Properties": {"domain": "HTB.LOCAL", "name": "RECEPTION@HTB.LOCAL", "distinguishedname": "OU=RECEPTION,OU=EMPLOYEES,DC=HTB,DC=LOCAL", "domainsid": "S-1-5-21-3072663084-364016917-1341370565", "highvalue": false, "blocksinheritance": false, "description": null, "whencreated": 1568940119}, "IsDeleted": false, "IsACLProtected": false, "Aces": [{"RightName": "Owns", "IsInherited": false, "PrincipalSID": "S-1-5-21-3072663084-364016917-1341370565-512", "PrincipalType": "Group"}, {"RightName": "GenericAll", "IsInherited": false, "PrincipalSID": "S-1-5-21-3072663084-364016917-1341370565-512", "PrincipalType": "Group"}, {"RightName": "GenericAll", "IsInherited": true, "PrincipalSID": "S-1-5-21-3072663084-364016917-1341370565-519", "PrincipalType": "Group"}, {"RightName": "WriteOwner", "IsInherited": true, "PrincipalSID": "HTB.LOCAL-S-1-5-32-544", "PrincipalType": "Group"}, {"RightName": "WriteDacl", "IsInherited": true, "PrincipalSID": "HTB.LOCAL-S-1-5-32-544", "PrincipalType": "Group"}], "Links": [], "ChildObjects": [], "GPOChanges": {"AffectedComputers": [], "DcomUsers": [], "LocalAdmins": [], "PSRemoteUsers": [], "RemoteDesktopUsers": []}},{"ObjectIdentifier": "B4F6F807-E0F8-4C8C-A19C-3EB86C2FDDA7", "Properties": {"domain": "HTB.LOCAL", "name": "MARKETING@HTB.LOCAL", "distinguishedname": "OU=MARKETING,OU=EMPLOYEES,DC=HTB,DC=LOCAL", "domainsid": "S-1-5-21-3072663084-364016917-1341370565", "highvalue": false, "blocksinheritance": false, "description": null, "whencreated": 1568940050}, "IsDeleted": false, "IsACLProtected": false, "Aces": [{"RightName": "Owns", "IsInherited": false, "PrincipalSID": "S-1-5-21-3072663084-364016917-1341370565-512", "PrincipalType": "Group"}, {"RightName": "GenericAll", "IsInherited": false, "PrincipalSID": "S-1-5-21-3072663084-364016917-1341370565-512", "PrincipalType": "Group"}, {"RightName": "GenericAll", "IsInherited": true, "PrincipalSID": "S-1-5-21-3072663084-364016917-1341370565-519", "PrincipalType": "Group"}, {"RightName": "WriteOwner", "IsInherited": true, "PrincipalSID": "HTB.LOCAL-S-1-5-32-544", "PrincipalType": "Group"}, {"RightName": "WriteDacl", "IsInherited": true, "PrincipalSID": "HTB.LOCAL-S-1-5-32-544", "PrincipalType": "Group"}], "Links": [], "ChildObjects": [], "GPOChanges": {"AffectedComputers": [], "DcomUsers": [], "LocalAdmins": [], "PSRemoteUsers": [], "RemoteDesktopUsers": []}},{"ObjectIdentifier": "3949ABD7-0657-4AF5-9ABA-EB7A3D0C0DE7", "Properties": {"domain": "HTB.LOCAL", "name": "SALES@HTB.LOCAL", "distinguishedname": "OU=SALES,OU=EMPLOYEES,DC=HTB,DC=LOCAL", "domainsid": "S-1-5-21-3072663084-364016917-1341370565", "highvalue": false, "blocksinheritance": false, "description": null, "whencreated": 1568940039}, "IsDeleted": false, "IsACLProtected": false, "Aces": [{"RightName": "Owns", "IsInherited": false, "PrincipalSID": "S-1-5-21-3072663084-364016917-1341370565-512", "PrincipalType": "Group"}, {"RightName": "GenericAll", "IsInherited": false, "PrincipalSID": "S-1-5-21-3072663084-364016917-1341370565-512", "PrincipalType": "Group"}, {"RightName": "GenericAll", "IsInherited": true, "PrincipalSID": "S-1-5-21-3072663084-364016917-1341370565-519", "PrincipalType": "Group"}, {"RightName": "WriteOwner", "IsInherited": true, "PrincipalSID": "HTB.LOCAL-S-1-5-32-544", "PrincipalType": "Group"}, {"RightName": "WriteDacl", "IsInherited": true, "PrincipalSID": "HTB.LOCAL-S-1-5-32-544", "PrincipalType": "Group"}], "Links": [], "ChildObjects": [], "GPOChanges": {"AffectedComputers": [], "DcomUsers": [], "LocalAdmins": [], "PSRemoteUsers": [], "RemoteDesktopUsers": []}},{"ObjectIdentifier": "46E53884-3294-4016-BF9D-BB102513FCA4", "Properties": {"domain": "HTB.LOCAL", "name": "APPLICATION SUPPORT@HTB.LOCAL", "distinguishedname": "OU=APPLICATION SUPPORT,OU=INFORMATION TECHNOLOGY,OU=EMPLOYEES,DC=HTB,DC=LOCAL", "domainsid": "S-1-5-21-3072663084-364016917-1341370565", "highvalue": false, "blocksinheritance": false, "description": null, "whencreated": 1568938948}, "IsDeleted": false, "IsACLProtected": false, "Aces": [{"RightName": "Owns", "IsInherited": false, "PrincipalSID": "S-1-5-21-3072663084-364016917-1341370565-512", "PrincipalType": "Group"}, {"RightName": "GenericAll", "IsInherited": false, "PrincipalSID": "S-1-5-21-3072663084-364016917-1341370565-512", "PrincipalType": "Group"}, {"RightName": "GenericAll", "IsInherited": true, "PrincipalSID": "S-1-5-21-3072663084-364016917-1341370565-519", "PrincipalType": "Group"}, {"RightName": "WriteOwner", "IsInherited": true, "PrincipalSID": "HTB.LOCAL-S-1-5-32-544", "PrincipalType": "Group"}, {"RightName": "WriteDacl", "IsInherited": true, "PrincipalSID": "HTB.LOCAL-S-1-5-32-544", "PrincipalType": "Group"}], "Links": [], "ChildObjects": [], "GPOChanges": {"AffectedComputers": [], "DcomUsers": [], "LocalAdmins": [], "PSRemoteUsers": [], "RemoteDesktopUsers": []}},{"ObjectIdentifier": "98D97B19-ADD5-499A-8FA3-BAEE971306B0", "Properties": {"domain": "HTB.LOCAL", "name": "DEVELOPERS@HTB.LOCAL", "distinguishedname": "OU=DEVELOPERS,OU=INFORMATION TECHNOLOGY,OU=EMPLOYEES,DC=HTB,DC=LOCAL", "domainsid": "S-1-5-21-3072663084-364016917-1341370565", "highvalue": false, "blocksinheritance": false, "description": null, "whencreated": 1568938931}, "IsDeleted": false, "IsACLProtected": false, "Aces": [{"RightName": "Owns", "IsInherited": false, "PrincipalSID": "S-1-5-21-3072663084-364016917-1341370565-512", "PrincipalType": "Group"}, {"RightName": "GenericAll", "IsInherited": false, "PrincipalSID": "S-1-5-21-3072663084-364016917-1341370565-512", "PrincipalType": "Group"}, {"RightName": "GenericAll", "IsInherited": true, "PrincipalSID": "S-1-5-21-3072663084-364016917-1341370565-519", "PrincipalType": "Group"}, {"RightName": "WriteOwner", "IsInherited": true, "PrincipalSID": "HTB.LOCAL-S-1-5-32-544", "PrincipalType": "Group"}, {"RightName": "WriteDacl", "IsInherited": true, "PrincipalSID": "HTB.LOCAL-S-1-5-32-544", "PrincipalType": "Group"}], "Links": [], "ChildObjects": [{"ObjectIdentifier": "S-1-5-21-3072663084-364016917-1341370565-1152", "ObjectType": "User"}], "GPOChanges": {"AffectedComputers": [], "DcomUsers": [], "LocalAdmins": [], "PSRemoteUsers": [], "RemoteDesktopUsers": []}},{"ObjectIdentifier": "3902C8E3-5CCC-49FD-804E-DCE0813C50D6", "Properties": {"domain": "HTB.LOCAL", "name": "EXCHANGE ADMINISTRATORS@HTB.LOCAL", "distinguishedname": "OU=EXCHANGE ADMINISTRATORS,OU=INFORMATION TECHNOLOGY,OU=EMPLOYEES,DC=HTB,DC=LOCAL", "domainsid": "S-1-5-21-3072663084-364016917-1341370565", "highvalue": false, "blocksinheritance": false, "description": null, "whencreated": 1568938910}, "IsDeleted": false, "IsACLProtected": false, "Aces": [{"RightName": "Owns", "IsInherited": false, "PrincipalSID": "S-1-5-21-3072663084-364016917-1341370565-512", "PrincipalType": "Group"}, {"RightName": "GenericAll", "IsInherited": false, "PrincipalSID": "S-1-5-21-3072663084-364016917-1341370565-512", "PrincipalType": "Group"}, {"RightName": "GenericAll", "IsInherited": true, "PrincipalSID": "S-1-5-21-3072663084-364016917-1341370565-519", "PrincipalType": "Group"}, {"RightName": "WriteOwner", "IsInherited": true, "PrincipalSID": "HTB.LOCAL-S-1-5-32-544", "PrincipalType": "Group"}, {"RightName": "WriteDacl", "IsInherited": true, "PrincipalSID": "HTB.LOCAL-S-1-5-32-544", "PrincipalType": "Group"}], "Links": [], "ChildObjects": [{"ObjectIdentifier": "S-1-5-21-3072663084-364016917-1341370565-1145", "ObjectType": "User"}], "GPOChanges": {"AffectedComputers": [], "DcomUsers": [], "LocalAdmins": [], "PSRemoteUsers": [], "RemoteDesktopUsers": []}},{"ObjectIdentifier": "DFBAFD44-447F-4BA0-9BAD-CFAE492E6413", "Properties": {"domain": "HTB.LOCAL", "name": "INFORMATION TECHNOLOGY@HTB.LOCAL", "distinguishedname": "OU=INFORMATION TECHNOLOGY,OU=EMPLOYEES,DC=HTB,DC=LOCAL", "domainsid": "S-1-5-21-3072663084-364016917-1341370565", "highvalue": false, "blocksinheritance": false, "description": null, "whencreated": 1568938886}, "IsDeleted": false, "IsACLProtected": false, "Aces": [{"RightName": "Owns", "IsInherited": false, "PrincipalSID": "S-1-5-21-3072663084-364016917-1341370565-512", "PrincipalType": "Group"}, {"RightName": "GenericAll", "IsInherited": false, "PrincipalSID": "S-1-5-21-3072663084-364016917-1341370565-512", "PrincipalType": "Group"}, {"RightName": "GenericAll", "IsInherited": true, "PrincipalSID": "S-1-5-21-3072663084-364016917-1341370565-519", "PrincipalType": "Group"}, {"RightName": "WriteOwner", "IsInherited": true, "PrincipalSID": "HTB.LOCAL-S-1-5-32-544", "PrincipalType": "Group"}, {"RightName": "WriteDacl", "IsInherited": true, "PrincipalSID": "HTB.LOCAL-S-1-5-32-544", "PrincipalType": "Group"}], "Links": [], "ChildObjects": [{"ObjectIdentifier": "8414356C-1F79-44BF-9861-CD84412A69EB", "ObjectType": "OU"}, {"ObjectIdentifier": "32386455-6007-4DB1-9FA7-D368649B50FA", "ObjectType": "OU"}, {"ObjectIdentifier": "A7CE94A3-B3C5-4198-B5D6-B8A2275E49F7", "ObjectType": "OU"}, {"ObjectIdentifier": "3902C8E3-5CCC-49FD-804E-DCE0813C50D6", "ObjectType": "OU"}, {"ObjectIdentifier": "98D97B19-ADD5-499A-8FA3-BAEE971306B0", "ObjectType": "OU"}, {"ObjectIdentifier": "46E53884-3294-4016-BF9D-BB102513FCA4", "ObjectType": "OU"}], "GPOChanges": {"AffectedComputers": [], "DcomUsers": [], "LocalAdmins": [], "PSRemoteUsers": [], "RemoteDesktopUsers": []}},{"ObjectIdentifier": "2541B1D2-3979-4F9D-8974-375D74C7A170", "Properties": {"domain": "HTB.LOCAL", "name": "MICROSOFT EXCHANGE SECURITY GROUPS@HTB.LOCAL", "distinguishedname": "OU=MICROSOFT EXCHANGE SECURITY GROUPS,DC=HTB,DC=LOCAL", "domainsid": "S-1-5-21-3072663084-364016917-1341370565", "highvalue": false, "blocksinheritance": false, "description": null, "whencreated": 1568891473}, "IsDeleted": false, "IsACLProtected": false, "Aces": [{"RightName": "Owns", "IsInherited": false, "PrincipalSID": "S-1-5-21-3072663084-364016917-1341370565-512", "PrincipalType": "Group"}, {"RightName": "GenericAll", "IsInherited": false, "PrincipalSID": "S-1-5-21-3072663084-364016917-1341370565-512", "PrincipalType": "Group"}, {"RightName": "GenericAll", "IsInherited": false, "PrincipalSID": "S-1-5-21-3072663084-364016917-1341370565-1104", "PrincipalType": "Group"}, {"RightName": "GenericAll", "IsInherited": true, "PrincipalSID": "S-1-5-21-3072663084-364016917-1341370565-519", "PrincipalType": "Group"}, {"RightName": "WriteOwner", "IsInherited": true, "PrincipalSID": "HTB.LOCAL-S-1-5-32-544", "PrincipalType": "Group"}, {"RightName": "WriteDacl", "IsInherited": true, "PrincipalSID": "HTB.LOCAL-S-1-5-32-544", "PrincipalType": "Group"}], "Links": [], "ChildObjects": [{"ObjectIdentifier": "S-1-5-21-3072663084-364016917-1341370565-1106", "ObjectType": "Group"}, {"ObjectIdentifier": "S-1-5-21-3072663084-364016917-1341370565-1108", "ObjectType": "Group"}, {"ObjectIdentifier": "S-1-5-21-3072663084-364016917-1341370565-1112", "ObjectType": "Group"}, {"ObjectIdentifier": "S-1-5-21-3072663084-364016917-1341370565-1116", "ObjectType": "Group"}, {"ObjectIdentifier": "S-1-5-21-3072663084-364016917-1341370565-1117", "ObjectType": "Group"}, {"ObjectIdentifier": "S-1-5-21-3072663084-364016917-1341370565-1110", "ObjectType": "Group"}, {"ObjectIdentifier": "S-1-5-21-3072663084-364016917-1341370565-1105", "ObjectType": "Group"}, {"ObjectIdentifier": "S-1-5-21-3072663084-364016917-1341370565-1107", "ObjectType": "Group"}, {"ObjectIdentifier": "S-1-5-21-3072663084-364016917-1341370565-1104", "ObjectType": "Group"}, {"ObjectIdentifier": "S-1-5-21-3072663084-364016917-1341370565-1120", "ObjectType": "Group"}, {"ObjectIdentifier": "S-1-5-21-3072663084-364016917-1341370565-1114", "ObjectType": "Group"}, {"ObjectIdentifier": "S-1-5-21-3072663084-364016917-1341370565-1109", "ObjectType": "Group"}, {"ObjectIdentifier": "S-1-5-21-3072663084-364016917-1341370565-1122", "ObjectType": "Group"}, {"ObjectIdentifier": "S-1-5-21-3072663084-364016917-1341370565-1121", "ObjectType": "Group"}, {"ObjectIdentifier": "S-1-5-21-3072663084-364016917-1341370565-1119", "ObjectType": "Group"}, {"ObjectIdentifier": "S-1-5-21-3072663084-364016917-1341370565-1118", "ObjectType": "Group"}, {"ObjectIdentifier": "S-1-5-21-3072663084-364016917-1341370565-1111", "ObjectType": "Group"}, {"ObjectIdentifier": "S-1-5-21-3072663084-364016917-1341370565-1113", "ObjectType": "Group"}, {"ObjectIdentifier": "S-1-5-21-3072663084-364016917-1341370565-1115", "ObjectType": "Group"}], "GPOChanges": {"AffectedComputers": [], "DcomUsers": [], "LocalAdmins": [], "PSRemoteUsers": [], "RemoteDesktopUsers": []}},{"ObjectIdentifier": "92131800-3766-4BB2-BA74-30DEC65B543F", "Properties": {"domain": "HTB.LOCAL", "name": "DOMAIN CONTROLLERS@HTB.LOCAL", "distinguishedname": "OU=DOMAIN CONTROLLERS,DC=HTB,DC=LOCAL", "domainsid": "S-1-5-21-3072663084-364016917-1341370565", "highvalue": false, "blocksinheritance": false, "description": "Default container for domain controllers", "whencreated": 1568828757}, "IsDeleted": false, "IsACLProtected": false, "Aces": [{"RightName": "Owns", "IsInherited": false, "PrincipalSID": "S-1-5-21-3072663084-364016917-1341370565-512", "PrincipalType": "Group"}, {"RightName": "WriteOwner", "IsInherited": false, "PrincipalSID": "S-1-5-21-3072663084-364016917-1341370565-512", "PrincipalType": "Group"}, {"RightName": "WriteDacl", "IsInherited": false, "PrincipalSID": "S-1-5-21-3072663084-364016917-1341370565-512", "PrincipalType": "Group"}, {"RightName": "GenericAll", "IsInherited": true, "PrincipalSID": "S-1-5-21-3072663084-364016917-1341370565-519", "PrincipalType": "Group"}, {"RightName": "WriteOwner", "IsInherited": true, "PrincipalSID": "HTB.LOCAL-S-1-5-32-544", "PrincipalType": "Group"}, {"RightName": "WriteDacl", "IsInherited": true, "PrincipalSID": "HTB.LOCAL-S-1-5-32-544", "PrincipalType": "Group"}], "Links": [{"IsEnforced": false, "GUID": "3CF0DAF2-552D-4314-AA17-5DFD380449CD"}], "ChildObjects": [{"ObjectIdentifier": "S-1-5-21-3072663084-364016917-1341370565-1000", "ObjectType": "Computer"}], "GPOChanges": {"AffectedComputers": [], "DcomUsers": [], "LocalAdmins": [], "PSRemoteUsers": [], "RemoteDesktopUsers": []}}],"meta":{"methods":0,"type":"ous","count":15, "version":5}}